{"initial_reset_timestamp": 1578180337.1510375, "timestamps": [1578180338.2055414], "episode_lengths": [15], "episode_rewards": [15.0], "episode_types": ["t"]}