{"initial_reset_timestamp": 1577765660.5592687, "timestamps": [1577765661.62934], "episode_lengths": [41], "episode_rewards": [41.0], "episode_types": ["t"]}